region,L_age_bp,G_age_bp,A_age_bp,site_name,L_gap,G_gap,max_gap,L_age_ci_lo,L_age_ci_hi,G_age_ci_lo,G_age_ci_hi,A_age_ci_lo,A_age_ci_hi,n_volcanoes_holocene,volcano_density,V_score,C_score,TAP_index
Java,3500,4000,60000,Song_Terus,-56500,-56000,-56000,3200,3800,3000,5000,55000,65000,45,3.488372093023256,1.0,0.3333333333333333,0.7333333333333333
Kalimantan,3600,4000,40000,Niah_Cave,-36400,-36000,-36000,3200,4000,3000,5000,37000,45000,0,0.0,0.0,1.0,0.4
Madagascar,1300,1500,10500,Christmas_River,-9200,-9000,-9000,1100,1500,1200,1800,9500,11500,0,0.0,0.0,0.0,0.0
Maluku,3500,3500,36000,Golo_Cave,-32500,-32500,-32500,3100,3900,2500,4500,35000,37000,16,2.1333333333333333,0.38053097345132747,0.0,0.22831858407079647
Nusa_Tenggara,3600,4000,44600,Laili_cave,-41000,-40600,-40600,3200,4000,3000,5000,42000,47000,19,2.6027397260273974,0.5160625530367318,0.1,0.34963753182203905
Philippines,4000,4500,47000,Tabon_Cave,-43000,-42500,-42500,3600,4500,3500,5500,36000,58000,24,0.8,0.15221238938053097,0.2333333333333333,0.1846607669616519
Sulawesi,3800,4000,67800,Liang_Metanduno,-64000,-63800,-63800,3400,4200,3000,5000,64000,71600,11,0.632183908045977,0.1246566981995728,0.16666666666666669,0.14146068558641034
Sumatra,3400,4500,68000,Lida_Ajer,-64600,-63500,-63500,3100,3700,3500,5500,63000,73000,35,0.7399577167019028,0.166532582461786,0.5000000000000001,0.29991954947707167
